{
    "0": {
        "precision": 0.943502824858757,
        "recall": 0.9277777777777778,
        "f1-score": 0.9355742296918768,
        "support": 180.0
    },
    "1": {
        "precision": 0.8943089430894309,
        "recall": 0.9166666666666666,
        "f1-score": 0.9053497942386831,
        "support": 120.0
    },
    "accuracy": 0.9233333333333333,
    "macro avg": {
        "precision": 0.918905883974094,
        "recall": 0.9222222222222223,
        "f1-score": 0.92046201196528,
        "support": 300.0
    },
    "weighted avg": {
        "precision": 0.9238252721510266,
        "recall": 0.9233333333333333,
        "f1-score": 0.9234844555105993,
        "support": 300.0
    }
}