{
    "accuracy": 0.9233333333333333,
    "precision": 0.8943089430894309,
    "recall": 0.9166666666666666,
    "f1_score": 0.9053497942386831
}